Student_ID,GPA,IELTS,Research_Exp,Subject_Pref,ECA_Type,ECA_Level,Family_Income_USD,Budget_USD,Preferred_Country,Match_Success,arts,business,computer_science,engineering,medicine
S001,3.06,8.0,0,arts,Leadership,2,138004,59149,United Kingdom,1,1,0,0,0,0
S002,3.93,5.5,1,business,Professional,5,81449,39544,Germany,0,0,1,0,0,0
S003,3.6,5.5,0,medicine,STEM,0,13556,51976,Germany,0,0,0,0,0,1
S004,3.4,5.5,0,engineering,Sports,4,91836,34252,United Kingdom,0,0,0,0,1,0
S005,2.73,7.5,1,engineering,STEM,4,141570,5832,Australia,0,0,0,0,1,0
S006,2.73,7.0,0,business,Sports,4,55098,27275,United States,0,0,1,0,0,0
S007,2.59,7.5,0,arts,Professional,5,117169,16901,United Kingdom,0,1,0,0,0,0
S008,3.8,7.0,0,computer science,STEM,4,145641,40213,United Kingdom,1,0,0,1,0,0
S009,3.4,7.5,0,business,Arts,1,131060,36148,United Kingdom,1,0,1,0,0,0
S010,3.56,7.5,0,business,Sports,3,135544,44633,Germany,1,0,1,0,0,0
S011,2.53,8.0,1,medicine,Arts,3,5340,24918,Canada,0,0,0,0,0,1
S012,3.95,6.5,0,engineering,STEM,5,87302,48694,United States,1,0,0,0,1,0
S013,3.75,7.5,0,business,Arts,1,5138,21540,Australia,1,0,1,0,0,0
S014,2.82,8.0,0,business,Arts,2,136430,13580,Australia,0,0,1,0,0,0
S015,2.77,6.0,0,arts,STEM,2,124619,55459,Canada,0,1,0,0,0,0
S016,2.78,6.5,1,arts,Professional,4,90376,40402,United Kingdom,0,1,0,0,0,0
S017,2.96,7.5,0,computer science,Arts,0,104931,59727,United States,0,0,0,1,0,0
S018,3.29,5.5,0,medicine,Arts,2,86532,40578,Australia,0,0,0,0,0,1
S019,3.15,6.0,1,computer science,Professional,0,60778,26917,Australia,0,0,0,1,0,0
S020,2.94,6.0,0,arts,Arts,3,42772,24318,United Kingdom,0,1,0,0,0,0
S021,3.42,8.0,0,engineering,Arts,0,63478,12179,Canada,0,0,0,0,1,0
S022,2.71,6.0,0,arts,Arts,3,31762,14251,United States,0,1,0,0,0,0
S023,2.94,6.5,0,medicine,Leadership,1,149355,47899,Canada,0,0,0,0,0,1
S024,3.05,7.5,0,arts,Professional,1,60568,21493,Canada,0,1,0,0,0,0
S025,3.18,7.5,0,medicine,Arts,5,90090,22466,United States,0,0,0,0,0,1
S026,3.68,5.5,1,medicine,Professional,5,25219,32206,United States,0,0,0,0,0,1
S027,2.8,8.0,0,medicine,Sports,4,62169,47475,Australia,0,0,0,0,0,1
S028,3.27,5.5,0,medicine,Sports,2,79965,21624,Australia,0,0,0,0,0,1
S029,3.39,6.0,0,medicine,Arts,4,89754,28564,United States,0,0,0,0,0,1
S030,2.57,5.5,0,engineering,Professional,3,82988,24412,Germany,0,0,0,0,1,0
S031,3.41,6.5,1,computer science,Professional,4,137379,29990,Australia,1,0,0,1,0,0
S032,2.76,7.5,0,business,Professional,0,85388,53001,Germany,0,0,1,0,0,0
S033,2.6,6.0,0,computer science,Leadership,3,95768,59649,United States,0,0,0,1,0,0
S034,3.92,5.5,1,medicine,Sports,5,40428,37517,Australia,0,0,0,0,0,1
S035,3.95,8.0,0,engineering,Professional,1,97021,15156,Canada,1,0,0,0,1,0
S036,3.71,6.5,0,arts,Professional,5,123418,25064,United States,1,1,0,0,0,0
S037,2.96,6.5,0,engineering,Leadership,2,137212,27711,United Kingdom,0,0,0,0,1,0
S038,2.65,5.5,0,medicine,Leadership,3,31421,32106,Germany,0,0,0,0,0,1
S039,3.53,7.5,1,engineering,Professional,3,6708,18589,United States,1,0,0,0,1,0
S040,3.16,5.5,0,engineering,STEM,0,139702,25736,United States,0,0,0,0,1,0
S041,2.68,6.0,0,medicine,Professional,2,81021,22975,Australia,0,0,0,0,0,1
S042,3.24,5.5,0,engineering,Professional,1,49789,38218,Australia,0,0,0,0,1,0
S043,2.55,6.5,1,business,Leadership,3,31086,9214,Australia,0,0,1,0,0,0
S044,3.86,5.5,0,business,Leadership,3,21859,32581,United Kingdom,0,0,1,0,0,0
S045,2.89,7.5,1,engineering,Professional,0,12684,22195,Australia,0,0,0,0,1,0
S046,3.49,8.0,0,arts,Professional,4,96088,46582,United States,1,1,0,0,0,0
S047,2.97,7.0,1,medicine,Professional,1,137279,29127,Australia,0,0,0,0,0,1
S048,3.28,5.5,1,business,Leadership,5,51099,7141,Canada,0,0,1,0,0,0
S049,3.32,7.5,1,arts,Professional,2,71093,30884,Australia,1,1,0,0,0,0
S050,2.78,7.5,1,engineering,Professional,3,53651,26885,United Kingdom,0,0,0,0,1,0
S051,3.95,8.0,0,arts,Arts,3,18893,4708,Canada,1,1,0,0,0,0
S052,3.66,6.5,0,computer science,STEM,5,71418,20375,United States,1,0,0,1,0,0
S053,3.91,7.5,0,business,Sports,1,130074,17088,United States,1,0,1,0,0,0
S054,3.84,7.5,0,engineering,STEM,4,108065,59615,Germany,1,0,0,0,1,0
S055,3.4,7.5,0,medicine,Arts,3,135351,46602,Canada,1,0,0,0,0,1
S056,3.88,7.5,0,engineering,Sports,1,43635,47046,Germany,1,0,0,0,1,0
S057,2.63,6.0,0,medicine,Professional,5,100071,12014,Canada,0,0,0,0,0,1
S058,2.79,6.0,0,engineering,Arts,0,83518,5273,Canada,0,0,0,0,1,0
S059,2.57,6.5,1,arts,Professional,4,111233,49135,United Kingdom,0,1,0,0,0,0
S060,2.99,5.5,0,arts,Leadership,2,108651,39306,Germany,0,1,0,0,0,0
S061,3.08,7.5,1,arts,Arts,3,77805,32881,United Kingdom,1,1,0,0,0,0
S062,2.91,8.0,1,computer science,Leadership,1,127813,33486,Canada,0,0,0,1,0,0
S063,3.74,5.5,1,medicine,Arts,0,84063,14541,United States,0,0,0,0,0,1
S064,3.04,8.0,0,arts,Arts,2,7454,10712,Canada,0,1,0,0,0,0
S065,2.92,5.5,1,computer science,Leadership,1,25878,11168,United Kingdom,0,0,0,1,0,0
S066,3.31,6.5,1,medicine,Sports,1,149063,54874,Germany,1,0,0,0,0,1
S067,2.71,7.5,1,engineering,STEM,2,73344,5551,Germany,0,0,0,0,1,0
S068,3.7,7.5,0,computer science,Professional,0,109946,14297,United Kingdom,0,0,0,1,0,0
S069,2.61,7.0,0,business,Arts,5,41593,45733,Germany,0,0,1,0,0,0
S070,3.98,8.0,0,computer science,Professional,0,41304,29128,Australia,1,0,0,1,0,0
S071,3.66,5.5,0,computer science,Leadership,4,118613,4832,United States,0,0,0,1,0,0
S072,2.8,5.5,0,medicine,Professional,3,23354,30483,United States,0,0,0,0,0,1
S073,2.51,6.0,1,engineering,Leadership,2,27190,24063,United States,0,0,0,0,1,0
S074,3.72,7.0,1,business,Professional,5,11142,24963,Germany,1,0,1,0,0,0
S075,3.56,6.0,0,arts,STEM,2,46862,15422,Germany,0,1,0,0,0,0
S076,3.59,6.0,1,arts,STEM,2,130438,34920,Canada,1,1,0,0,0,0
S077,3.66,6.0,0,computer science,STEM,0,53456,56906,Canada,1,0,0,1,0,0
S078,2.61,8.0,1,medicine,STEM,3,105167,13156,United States,0,0,0,0,0,1
S079,3.04,8.0,1,medicine,STEM,4,87035,13108,Australia,0,0,0,0,0,1
S080,2.67,6.5,0,arts,STEM,1,13016,33845,Canada,0,1,0,0,0,0
S081,3.79,6.5,0,business,Leadership,1,7384,4800,Canada,1,0,1,0,0,0
S082,3.43,6.0,1,engineering,Arts,2,107239,40078,Germany,1,0,0,0,1,0
S083,3.0,7.0,0,business,Professional,3,116431,44712,Australia,1,0,1,0,0,0
S084,2.6,5.5,0,engineering,STEM,5,85018,4610,United States,0,0,0,0,1,0
S085,2.97,8.0,1,arts,Leadership,0,45510,14067,Canada,0,1,0,0,0,0
S086,2.99,7.0,0,engineering,Leadership,3,26826,35872,Australia,0,0,0,0,1,0
S087,3.59,7.5,1,medicine,Leadership,3,73026,12728,Australia,1,0,0,0,0,1
S088,3.46,8.0,0,computer science,Arts,0,126668,31566,United States,1,0,0,1,0,0
S089,3.83,8.0,1,computer science,Professional,2,29045,31783,Australia,1,0,0,1,0,0
S090,3.21,6.5,0,arts,Arts,3,95102,58513,Australia,1,1,0,0,0,0
S091,2.68,5.5,1,medicine,Sports,1,56919,22583,Australia,0,0,0,0,0,1
S092,3.57,5.5,1,business,Leadership,0,104441,22238,Canada,0,0,1,0,0,0
S093,3.64,7.5,0,medicine,Sports,5,141917,9263,United States,1,0,0,0,0,1
S094,3.34,7.5,0,computer science,STEM,4,123325,3914,Australia,0,0,0,1,0,0
S095,3.66,8.0,1,computer science,STEM,2,24337,25749,Australia,1,0,0,1,0,0
S096,3.24,6.0,0,medicine,Arts,0,82949,21456,Canada,0,0,0,0,0,1
S097,3.28,6.5,0,medicine,Professional,4,5276,27582,United States,0,0,0,0,0,1
S098,3.14,6.5,0,computer science,Sports,4,56151,2406,Germany,0,0,0,1,0,0
S099,2.54,8.0,0,business,Professional,5,148016,15689,Canada,0,0,1,0,0,0
S100,2.66,7.0,1,arts,Arts,3,57887,34934,United States,0,1,0,0,0,0
S101,2.55,6.0,0,arts,STEM,5,86442,35276,Australia,0,1,0,0,0,0
S102,3.45,8.0,0,medicine,Professional,3,54847,52813,United States,1,0,0,0,0,1
S103,2.97,6.0,0,arts,Professional,3,63653,38432,United States,0,1,0,0,0,0
S104,3.26,6.0,0,computer science,STEM,0,61622,21873,United States,0,0,0,1,0,0
S105,3.86,6.0,0,computer science,Sports,0,32810,15050,Germany,1,0,0,1,0,0
S106,2.87,8.0,0,medicine,STEM,2,82842,2680,United States,0,0,0,0,0,1
S107,3.12,6.5,1,medicine,Professional,3,127225,20908,Germany,0,0,0,0,0,1
S108,3.63,6.5,0,medicine,Sports,4,15503,20504,Australia,1,0,0,0,0,1
S109,2.84,6.0,0,business,Sports,1,89761,23644,Germany,0,0,1,0,0,0
S110,2.62,7.0,1,arts,STEM,2,131439,39125,Australia,0,1,0,0,0,0
S111,2.93,5.5,0,medicine,Professional,0,16590,3363,Australia,0,0,0,0,0,1
S112,2.74,8.0,1,engineering,Arts,5,146958,44291,Germany,0,0,0,0,1,0
S113,3.89,5.5,0,engineering,Professional,2,148938,37060,Canada,0,0,0,0,1,0
S114,3.71,7.0,0,computer science,Leadership,2,71624,3538,United Kingdom,0,0,0,1,0,0
S115,3.45,8.0,0,arts,Arts,2,145836,38176,United States,1,1,0,0,0,0
S116,3.81,6.0,0,medicine,Sports,2,125356,58894,United Kingdom,1,0,0,0,0,1
S117,3.71,6.5,1,engineering,Arts,1,47727,43520,United States,1,0,0,0,1,0
S118,2.78,5.5,0,arts,Sports,5,83471,27675,United States,0,1,0,0,0,0
S119,3.84,7.5,0,computer science,Sports,5,13068,20287,Australia,1,0,0,1,0,0
S120,3.31,7.5,0,business,Arts,5,121923,2174,United States,0,0,1,0,0,0
S121,3.71,7.0,0,arts,Sports,3,143367,28732,United States,0,1,0,0,0,0
S122,3.84,6.0,1,arts,Sports,4,16390,36998,Germany,1,1,0,0,0,0
S123,2.98,5.5,0,business,Leadership,5,111752,39055,United Kingdom,0,0,1,0,0,0
S124,2.67,6.0,0,arts,Professional,2,99754,55312,Germany,0,1,0,0,0,0
S125,2.84,5.5,0,computer science,Professional,2,80969,14112,United States,0,0,0,1,0,0
S126,3.14,7.0,0,computer science,Leadership,5,82064,41874,Australia,1,0,0,1,0,0
S127,3.73,7.0,1,business,Arts,5,26281,11689,Germany,1,0,1,0,0,0
S128,3.79,7.5,0,medicine,STEM,2,59189,46814,Germany,1,0,0,0,0,1
S129,2.51,6.0,1,engineering,STEM,3,53511,21555,Canada,0,0,0,0,1,0
S130,3.27,8.0,0,medicine,STEM,0,127115,52719,United States,1,0,0,0,0,1
S131,3.13,7.5,0,arts,Leadership,0,13605,35919,Australia,1,1,0,0,0,0
S132,2.83,6.0,1,engineering,Leadership,5,105318,9619,Germany,0,0,0,0,1,0
S133,2.68,7.5,0,business,Sports,1,137453,8033,Germany,0,0,1,0,0,0
S134,3.01,8.0,0,business,STEM,5,24810,43328,Australia,1,0,1,0,0,0
S135,3.91,6.5,1,engineering,Arts,5,46869,6946,United States,1,0,0,0,1,0
S136,2.98,6.5,0,computer science,Arts,0,37955,26618,Canada,0,0,0,1,0,0
S137,3.28,6.5,1,engineering,STEM,2,66388,36675,Germany,1,0,0,0,1,0
S138,3.55,6.5,0,arts,STEM,5,15207,38258,Canada,1,1,0,0,0,0
S139,3.05,5.5,1,computer science,STEM,2,27031,20919,United Kingdom,0,0,0,1,0,0
S140,3.96,6.5,1,business,Leadership,2,85807,6173,United States,1,0,1,0,0,0
S141,3.94,8.0,0,engineering,Leadership,1,76312,45833,United Kingdom,1,0,0,0,1,0
S142,2.88,7.0,1,medicine,Leadership,2,64766,28400,United Kingdom,0,0,0,0,0,1
S143,3.25,7.0,0,medicine,Professional,0,148521,52445,United Kingdom,1,0,0,0,0,1
S144,2.95,5.5,1,arts,Arts,3,94833,6769,United States,0,1,0,0,0,0
S145,2.93,6.5,0,medicine,Arts,3,116041,39564,United States,0,0,0,0,0,1
S146,2.56,6.5,0,engineering,Sports,4,121185,47814,Australia,0,0,0,0,1,0
S147,3.41,6.5,0,engineering,Leadership,5,15350,16211,Canada,1,0,0,0,1,0
S148,3.25,7.5,0,medicine,Professional,0,105859,25255,Canada,0,0,0,0,0,1
S149,2.58,6.0,0,engineering,Professional,2,73487,29962,Australia,0,0,0,0,1,0
S150,2.92,7.5,1,arts,Arts,3,128853,21356,Australia,0,1,0,0,0,0
S151,3.86,6.0,1,computer science,Leadership,0,58117,22306,United Kingdom,1,0,0,1,0,0
S152,2.86,6.5,1,arts,Sports,3,106084,6997,Australia,0,1,0,0,0,0
S153,2.72,6.5,0,arts,Leadership,2,28782,58184,Germany,0,1,0,0,0,0
S154,3.23,7.5,0,engineering,STEM,3,33454,19376,Canada,0,0,0,0,1,0
S155,3.98,7.5,0,computer science,Leadership,5,72904,42880,Australia,1,0,0,1,0,0
S156,2.86,6.0,0,engineering,STEM,5,134936,40055,Germany,0,0,0,0,1,0
S157,3.51,7.0,0,business,STEM,4,127258,12578,Germany,0,0,1,0,0,0
S158,3.64,6.0,0,engineering,Sports,4,116668,20624,Germany,1,0,0,0,1,0
S159,2.86,7.5,1,engineering,Arts,3,129184,52628,Germany,0,0,0,0,1,0
S160,3.59,8.0,0,engineering,Leadership,0,21566,41194,United Kingdom,1,0,0,0,1,0
S161,3.05,7.5,0,computer science,STEM,5,143262,46367,Germany,1,0,0,1,0,0
S162,3.45,8.0,0,engineering,Leadership,0,43333,2389,United Kingdom,0,0,0,0,1,0
S163,3.45,5.5,0,computer science,Arts,0,126929,35767,United Kingdom,0,0,0,1,0,0
S164,3.3,7.5,0,medicine,Arts,3,94571,47580,Germany,1,0,0,0,0,1
S165,2.64,5.5,1,business,Professional,0,125263,50367,Canada,0,0,1,0,0,0
S166,3.75,7.0,0,computer science,Arts,5,137661,3855,Germany,1,0,0,1,0,0
S167,2.98,6.0,0,medicine,Sports,2,30235,42893,Germany,0,0,0,0,0,1
S168,2.78,8.0,0,computer science,STEM,4,5159,15794,Germany,0,0,0,1,0,0
S169,2.56,6.0,1,computer science,Professional,2,148217,37531,Canada,0,0,0,1,0,0
S170,3.39,5.5,1,business,Sports,0,109859,54815,United States,0,0,1,0,0,0
S171,3.52,8.0,1,arts,Leadership,2,112507,6986,United States,0,1,0,0,0,0
S172,2.52,6.0,0,arts,STEM,5,144316,34298,United Kingdom,0,1,0,0,0,0
S173,3.27,7.5,0,computer science,Arts,5,19743,3481,United Kingdom,0,0,0,1,0,0
S174,2.84,6.5,0,engineering,STEM,0,51101,58408,Canada,0,0,0,0,1,0
S175,3.47,5.5,1,medicine,Leadership,3,126534,5731,Australia,0,0,0,0,0,1
S176,2.76,6.0,1,engineering,Professional,2,89227,58414,United States,0,0,0,0,1,0
S177,3.54,5.5,0,engineering,Professional,3,76126,18835,United Kingdom,0,0,0,0,1,0
S178,3.08,5.5,1,computer science,Professional,3,61071,29798,United States,0,0,0,1,0,0
S179,3.91,8.0,1,computer science,Arts,1,79763,28113,Canada,1,0,0,1,0,0
S180,2.71,8.0,0,computer science,Sports,0,148309,21477,Canada,0,0,0,1,0,0
S181,3.01,6.5,1,computer science,Sports,4,51154,19266,Australia,0,0,0,1,0,0
S182,2.67,7.5,1,arts,STEM,5,12016,22792,Australia,0,1,0,0,0,0
S183,3.89,5.5,0,computer science,Arts,5,94678,22452,Canada,0,0,0,1,0,0
S184,3.82,6.0,0,arts,Professional,0,117056,45526,United Kingdom,1,1,0,0,0,0
S185,2.89,7.0,0,arts,Professional,4,59238,54429,United States,0,1,0,0,0,0
S186,3.49,5.5,0,computer science,Leadership,5,63608,51079,Germany,0,0,0,1,0,0
S187,3.73,5.5,0,business,Leadership,0,94081,43334,Australia,0,0,1,0,0,0
S188,3.33,6.5,0,medicine,Professional,5,55961,13889,Germany,0,0,0,0,0,1
S189,3.29,7.5,1,engineering,Professional,3,31917,26335,United Kingdom,0,0,0,0,1,0
S190,2.86,7.0,0,arts,Arts,2,32990,13254,Australia,0,1,0,0,0,0
S191,2.64,8.0,0,medicine,Sports,2,67551,23074,Germany,0,0,0,0,0,1
S192,3.85,8.0,0,business,Leadership,5,85811,13442,United Kingdom,1,0,1,0,0,0
S193,3.85,6.0,0,engineering,Sports,1,60103,48289,United States,1,0,0,0,1,0
S194,3.45,7.0,1,engineering,Arts,4,111122,55747,United Kingdom,1,0,0,0,1,0
S195,3.01,8.0,0,arts,Professional,4,24008,39327,Australia,1,1,0,0,0,0
S196,3.02,6.0,0,computer science,Sports,4,37402,18199,Canada,0,0,0,1,0,0
S197,3.59,7.5,0,business,Professional,3,141865,9291,United States,0,0,1,0,0,0
S198,3.85,6.0,1,arts,Professional,4,141643,42928,Germany,1,1,0,0,0,0
S199,3.83,8.0,1,business,STEM,2,118550,2112,Australia,1,0,1,0,0,0
S200,3.67,6.5,0,computer science,Sports,3,96218,23515,Canada,0,0,0,1,0,0
S201,3.46,6.5,0,computer science,Sports,0,138296,21581,United Kingdom,0,0,0,1,0,0
S202,2.63,6.5,0,arts,Professional,4,125779,50692,Canada,0,1,0,0,0,0
S203,2.74,8.0,0,computer science,Arts,4,134714,28500,Australia,0,0,0,1,0,0
S204,3.85,6.5,0,medicine,STEM,0,37441,34026,Australia,1,0,0,0,0,1
S205,3.41,7.0,0,engineering,Professional,4,67368,18523,Canada,0,0,0,0,1,0
S206,2.51,7.5,0,arts,Leadership,0,97122,3424,United Kingdom,0,1,0,0,0,0
S207,2.65,6.0,0,business,Leadership,3,49760,54101,Canada,0,0,1,0,0,0
S208,3.5,6.0,1,medicine,STEM,2,28478,21552,Australia,1,0,0,0,0,1
S209,2.51,8.0,0,arts,Arts,0,132881,59860,Australia,0,1,0,0,0,0
S210,2.74,6.5,0,computer science,Professional,1,76854,12808,Germany,0,0,0,1,0,0
S211,3.32,6.5,0,computer science,Sports,0,99230,40811,Germany,1,0,0,1,0,0
S212,3.54,5.5,0,computer science,STEM,4,90716,8989,United States,0,0,0,1,0,0
S213,3.48,7.5,1,computer science,Arts,3,148252,25620,Australia,1,0,0,1,0,0
S214,2.84,7.0,0,business,Sports,5,103538,41029,Germany,0,0,1,0,0,0
S215,3.57,6.0,0,medicine,Leadership,3,20372,2887,Canada,0,0,0,0,0,1
S216,2.86,5.5,1,engineering,Leadership,5,34796,33802,United Kingdom,0,0,0,0,1,0
S217,2.99,5.5,0,business,Sports,0,103826,21488,Canada,0,0,1,0,0,0
S218,3.62,8.0,0,business,STEM,2,125592,32013,United Kingdom,1,0,1,0,0,0
S219,3.47,6.0,1,engineering,Leadership,1,98635,51201,Germany,1,0,0,0,1,0
S220,3.77,8.0,0,engineering,Professional,3,116022,55103,United States,1,0,0,0,1,0
S221,3.49,7.0,0,computer science,Sports,4,59040,54712,Canada,1,0,0,1,0,0
S222,3.35,5.5,1,business,Sports,5,80357,18402,Canada,0,0,1,0,0,0
S223,2.64,5.5,0,arts,Leadership,4,83356,23205,Canada,0,1,0,0,0,0
S224,3.05,7.5,0,engineering,STEM,2,21211,57492,United Kingdom,1,0,0,0,1,0
S225,2.9,7.0,0,engineering,Professional,5,110426,59210,Germany,0,0,0,0,1,0
S226,2.87,5.5,1,medicine,STEM,3,10842,28049,Canada,0,0,0,0,0,1
S227,3.96,7.0,0,arts,Arts,0,71852,14253,Canada,1,1,0,0,0,0
S228,3.09,6.0,0,arts,Arts,4,130737,20990,United States,0,1,0,0,0,0
S229,3.84,6.5,0,engineering,Leadership,2,50968,9846,United States,1,0,0,0,1,0
S230,3.45,5.5,0,computer science,Leadership,3,22508,27027,Germany,0,0,0,1,0,0
S231,3.69,7.5,0,medicine,Leadership,3,59575,41200,Germany,1,0,0,0,0,1
S232,3.25,6.0,0,arts,Arts,3,71914,48220,Australia,1,1,0,0,0,0
S233,3.37,7.0,0,engineering,STEM,3,72055,48163,United States,1,0,0,0,1,0
S234,3.24,8.0,0,arts,STEM,5,92697,5765,Australia,0,1,0,0,0,0
S235,2.79,6.0,0,medicine,Leadership,3,111239,53590,United Kingdom,0,0,0,0,0,1
S236,3.58,5.5,0,medicine,Professional,4,128106,17950,Australia,0,0,0,0,0,1
S237,2.92,7.0,0,business,STEM,2,10355,47270,Canada,0,0,1,0,0,0
S238,2.54,6.5,0,engineering,Arts,5,59120,11741,Australia,0,0,0,0,1,0
S239,3.47,6.0,1,medicine,Sports,3,43342,24742,Germany,1,0,0,0,0,1
S240,2.77,5.5,0,business,Sports,1,7257,26703,United Kingdom,0,0,1,0,0,0
S241,3.91,7.5,0,business,Sports,1,32364,40709,Canada,1,0,1,0,0,0
S242,3.93,8.0,0,arts,Professional,2,116715,58796,Australia,1,1,0,0,0,0
S243,3.87,7.0,1,arts,Leadership,0,31654,39623,United Kingdom,1,1,0,0,0,0
S244,3.06,6.0,1,business,Arts,0,86423,24931,United Kingdom,0,0,1,0,0,0
S245,2.52,6.0,0,arts,Professional,5,34320,25580,Canada,0,1,0,0,0,0
S246,3.89,6.5,0,medicine,Arts,5,25808,57063,Australia,1,0,0,0,0,1
S247,3.14,6.5,1,computer science,Arts,5,57389,57633,United Kingdom,1,0,0,1,0,0
S248,3.95,7.5,0,medicine,Leadership,0,123581,17166,United Kingdom,1,0,0,0,0,1
S249,3.95,8.0,0,business,Sports,1,132927,53913,United States,1,0,1,0,0,0
S250,3.78,7.5,0,business,Leadership,0,39773,55608,United Kingdom,1,0,1,0,0,0
S251,2.94,5.5,0,medicine,Professional,4,81396,31240,United States,0,0,0,0,0,1
S252,3.08,5.5,1,arts,Professional,3,112692,27991,Australia,0,1,0,0,0,0
S253,3.78,7.5,1,arts,Professional,5,62505,57513,Australia,1,1,0,0,0,0
S254,2.98,8.0,0,business,Leadership,1,90896,56845,Australia,0,0,1,0,0,0
S255,2.75,7.5,0,engineering,Arts,2,23135,40556,Germany,0,0,0,0,1,0
S256,3.34,8.0,1,arts,Arts,2,95887,34969,Australia,1,1,0,0,0,0
S257,3.9,8.0,1,medicine,STEM,3,127118,57312,United Kingdom,1,0,0,0,0,1
S258,3.54,7.0,0,arts,Professional,1,52377,12561,Canada,0,1,0,0,0,0
S259,3.36,8.0,1,medicine,Arts,0,67491,18901,United States,0,0,0,0,0,1
S260,2.65,6.5,1,business,STEM,0,63283,42505,Germany,0,0,1,0,0,0
S261,3.42,8.0,1,arts,Arts,4,21923,32020,Australia,1,1,0,0,0,0
S262,3.99,8.0,0,medicine,Professional,4,52591,27917,Australia,1,0,0,0,0,1
S263,2.71,8.0,0,business,Sports,0,67261,3988,Canada,0,0,1,0,0,0
S264,3.28,5.5,1,engineering,Professional,2,59336,50209,Canada,0,0,0,0,1,0
S265,3.82,6.5,0,medicine,Leadership,5,79083,46505,Germany,1,0,0,0,0,1
S266,3.61,6.5,1,engineering,Arts,2,65948,16256,United States,1,0,0,0,1,0
S267,3.55,7.5,0,engineering,Arts,4,31672,54954,Australia,1,0,0,0,1,0
S268,3.55,7.0,0,computer science,Leadership,3,9213,24192,Germany,1,0,0,1,0,0
S269,3.04,8.0,0,arts,Leadership,0,146365,30230,United Kingdom,1,1,0,0,0,0
S270,2.94,6.0,0,medicine,Sports,4,67507,41930,United Kingdom,0,0,0,0,0,1
S271,3.71,7.0,1,engineering,Arts,4,62134,47833,Germany,1,0,0,0,1,0
S272,3.72,7.0,1,computer science,Arts,5,138172,24625,Australia,1,0,0,1,0,0
S273,3.8,6.5,1,business,Sports,0,33172,34088,Germany,1,0,1,0,0,0
S274,3.87,7.0,0,medicine,STEM,5,25132,16114,Australia,1,0,0,0,0,1
S275,3.27,8.0,0,engineering,Sports,0,23199,43167,Canada,1,0,0,0,1,0
S276,3.25,8.0,0,arts,Professional,5,41609,40401,Germany,1,1,0,0,0,0
S277,3.7,5.5,0,computer science,Arts,2,144088,7755,Australia,0,0,0,1,0,0
S278,3.47,8.0,0,engineering,Leadership,3,36881,12825,Germany,0,0,0,0,1,0
S279,3.55,8.0,0,arts,Professional,3,29472,24693,Germany,0,1,0,0,0,0
S280,3.69,6.5,0,engineering,Arts,0,59131,6117,Australia,0,0,0,0,1,0
S281,3.84,8.0,0,medicine,Sports,1,17828,26729,Australia,1,0,0,0,0,1
S282,3.01,5.5,1,medicine,Professional,4,101664,34182,United States,0,0,0,0,0,1
S283,3.06,6.0,1,medicine,Arts,4,137473,30890,Germany,1,0,0,0,0,1
S284,2.64,6.5,0,computer science,STEM,0,20193,31340,United Kingdom,0,0,0,1,0,0
S285,3.37,6.0,0,medicine,STEM,5,107518,3518,Germany,0,0,0,0,0,1
S286,2.55,6.5,1,arts,Leadership,1,24611,32949,Germany,0,1,0,0,0,0
S287,3.2,7.5,0,engineering,Arts,2,148022,24547,Australia,0,0,0,0,1,0
S288,3.31,7.0,1,business,STEM,5,81240,18346,Germany,0,0,1,0,0,0
S289,2.93,7.5,1,arts,Sports,5,7745,4600,Germany,0,1,0,0,0,0
S290,3.39,8.0,0,arts,Arts,0,60243,48005,United Kingdom,1,1,0,0,0,0
S291,2.55,6.0,0,medicine,Sports,0,8866,53347,Australia,0,0,0,0,0,1
S292,2.56,8.0,0,computer science,Sports,4,133681,31267,Germany,0,0,0,1,0,0
S293,3.73,7.0,0,engineering,STEM,0,76354,38322,Canada,1,0,0,0,1,0
S294,3.04,6.5,0,computer science,Arts,0,56374,28990,United States,0,0,0,1,0,0
S295,2.69,7.0,1,engineering,Professional,0,119397,18193,United Kingdom,0,0,0,0,1,0
S296,3.28,5.5,0,engineering,STEM,4,129577,32109,Germany,0,0,0,0,1,0
S297,3.65,7.0,0,computer science,STEM,2,86029,21233,Canada,0,0,0,1,0,0
S298,2.82,5.5,1,arts,Arts,2,98574,50021,Germany,0,1,0,0,0,0
S299,3.43,7.0,1,engineering,Arts,0,35431,18194,Germany,1,0,0,0,1,0
S300,2.63,5.5,0,computer science,Sports,4,34336,36510,Australia,0,0,0,1,0,0
S301,2.58,6.0,0,engineering,Arts,2,45992,3306,Australia,0,0,0,0,1,0
S302,3.3,8.0,0,business,Sports,5,60350,5849,Australia,0,0,1,0,0,0
S303,3.31,8.0,0,arts,STEM,2,74561,14360,Canada,0,1,0,0,0,0
S304,3.46,7.5,0,medicine,Leadership,2,56955,47536,Germany,1,0,0,0,0,1
S305,3.59,8.0,0,engineering,Professional,4,66240,58671,United States,1,0,0,0,1,0
S306,3.96,6.5,1,business,STEM,5,142227,31231,United Kingdom,1,0,1,0,0,0
S307,3.27,7.0,0,medicine,Arts,4,51607,47800,Australia,1,0,0,0,0,1
S308,2.98,7.5,1,medicine,Professional,0,57870,38963,Australia,0,0,0,0,0,1
S309,3.69,6.5,1,engineering,Leadership,3,69110,56330,Germany,1,0,0,0,1,0
S310,2.91,6.5,0,computer science,Leadership,2,121895,53707,Germany,0,0,0,1,0,0
S311,3.16,5.5,1,engineering,Sports,3,9426,20689,Canada,0,0,0,0,1,0
S312,2.62,8.0,0,business,Professional,4,32606,31084,Canada,0,0,1,0,0,0
S313,2.54,6.0,1,medicine,Sports,4,33151,42387,Australia,0,0,0,0,0,1
S314,3.94,6.0,0,engineering,STEM,4,16308,11280,Germany,1,0,0,0,1,0
S315,3.75,7.5,0,computer science,Professional,3,95306,4642,United States,0,0,0,1,0,0
S316,3.54,6.0,0,engineering,STEM,4,111984,44137,United Kingdom,1,0,0,0,1,0
S317,3.11,7.0,1,arts,Sports,0,7204,16296,Germany,0,1,0,0,0,0
S318,2.76,6.0,1,computer science,Professional,4,97769,57561,Germany,0,0,0,1,0,0
S319,2.73,7.5,0,business,Sports,1,92265,17438,Canada,0,0,1,0,0,0
S320,2.88,6.0,1,medicine,Professional,3,36131,50442,United Kingdom,0,0,0,0,0,1
S321,3.32,7.0,0,engineering,Sports,1,57428,39525,Australia,1,0,0,0,1,0
S322,3.57,5.5,0,computer science,Leadership,4,38870,4994,Germany,0,0,0,1,0,0
S323,3.49,7.5,0,arts,Sports,0,108547,59903,Australia,1,1,0,0,0,0
S324,2.92,5.5,0,computer science,Leadership,2,54067,49994,Germany,0,0,0,1,0,0
S325,3.93,5.5,0,arts,Sports,5,117217,36039,Australia,0,1,0,0,0,0
S326,3.61,5.5,1,business,Professional,5,103934,3813,United Kingdom,0,0,1,0,0,0
S327,3.33,6.5,0,medicine,Professional,4,147980,29491,Canada,0,0,0,0,0,1
S328,3.42,8.0,0,business,Professional,0,79707,59953,United Kingdom,1,0,1,0,0,0
S329,3.13,6.5,0,engineering,Arts,3,66215,20845,United States,0,0,0,0,1,0
S330,2.87,8.0,1,computer science,STEM,1,54429,55272,Canada,0,0,0,1,0,0
S331,3.03,5.5,1,arts,Professional,1,87152,57276,United Kingdom,0,1,0,0,0,0
S332,3.64,7.5,0,arts,Leadership,1,113048,43243,United States,1,1,0,0,0,0
S333,2.52,8.0,1,computer science,Professional,3,143731,39164,Germany,0,0,0,1,0,0
S334,2.67,7.0,0,computer science,Arts,5,82240,44051,Germany,0,0,0,1,0,0
S335,2.57,7.0,1,engineering,Leadership,0,118688,15318,Australia,0,0,0,0,1,0
S336,2.56,6.0,0,business,Arts,3,51473,19200,Canada,0,0,1,0,0,0
S337,3.78,8.0,1,arts,Leadership,1,101762,58456,Germany,1,1,0,0,0,0
S338,3.56,7.5,0,engineering,Sports,4,111956,58483,Canada,1,0,0,0,1,0
S339,3.21,6.5,0,business,STEM,2,123452,2082,Germany,0,0,1,0,0,0
S340,2.65,5.5,1,engineering,STEM,3,131311,3920,Australia,0,0,0,0,1,0
S341,3.24,6.0,0,arts,Arts,3,12006,42585,United Kingdom,1,1,0,0,0,0
S342,3.21,7.0,0,computer science,STEM,0,79218,13683,Australia,0,0,0,1,0,0
S343,2.76,6.5,0,computer science,Arts,0,37430,13336,United States,0,0,0,1,0,0
S344,3.15,6.5,0,business,Arts,3,28091,17596,Germany,0,0,1,0,0,0
S345,3.1,5.5,0,medicine,Arts,1,28989,4093,United States,0,0,0,0,0,1
S346,3.42,8.0,0,business,STEM,2,80451,14905,United States,0,0,1,0,0,0
S347,3.45,7.0,0,medicine,Arts,0,23990,58223,Canada,1,0,0,0,0,1
S348,2.57,7.5,0,engineering,STEM,1,95270,26351,Germany,0,0,0,0,1,0
S349,3.06,6.5,1,engineering,Arts,4,85360,32981,United States,1,0,0,0,1,0
S350,3.44,5.5,0,arts,Professional,0,41081,10367,United Kingdom,0,1,0,0,0,0
S351,3.25,7.5,0,medicine,Arts,1,147105,7285,United States,0,0,0,0,0,1
S352,3.78,8.0,0,arts,Leadership,1,113272,45664,United Kingdom,1,1,0,0,0,0
S353,3.49,7.0,0,computer science,Arts,2,21241,39705,Canada,1,0,0,1,0,0
S354,2.74,8.0,1,medicine,Sports,2,129932,18753,United States,0,0,0,0,0,1
S355,2.61,6.5,0,business,Arts,4,10939,52970,Australia,0,0,1,0,0,0
S356,3.46,7.5,0,computer science,Leadership,1,118000,20485,Canada,0,0,0,1,0,0
S357,2.54,7.5,1,computer science,Leadership,5,40063,14977,United Kingdom,0,0,0,1,0,0
S358,3.38,7.5,1,business,STEM,1,52118,21874,Canada,0,0,1,0,0,0
S359,3.91,6.5,0,computer science,Professional,2,89703,52931,United States,1,0,0,1,0,0
S360,3.36,6.5,1,medicine,Arts,5,133557,9674,Germany,1,0,0,0,0,1
S361,3.08,8.0,1,arts,STEM,0,32076,52516,Germany,1,1,0,0,0,0
S362,3.46,6.0,0,computer science,Professional,0,49605,58446,United Kingdom,1,0,0,1,0,0
S363,3.19,8.0,1,medicine,Arts,3,89565,31038,United Kingdom,1,0,0,0,0,1
S364,3.32,7.0,1,engineering,Sports,2,44121,31315,Germany,1,0,0,0,1,0
S365,3.91,5.5,0,medicine,Arts,3,36433,5676,United Kingdom,0,0,0,0,0,1
S366,3.08,7.5,0,arts,Leadership,5,48309,4426,Canada,0,1,0,0,0,0
S367,3.94,6.0,0,medicine,Leadership,2,72468,59416,Australia,1,0,0,0,0,1
S368,3.86,5.5,1,business,Sports,4,72293,26473,Australia,0,0,1,0,0,0
S369,2.79,6.0,1,arts,STEM,1,101258,4962,Canada,0,1,0,0,0,0
S370,2.6,8.0,0,engineering,Professional,4,43405,31943,Australia,0,0,0,0,1,0
S371,2.65,6.5,0,business,Arts,5,48527,2859,United States,0,0,1,0,0,0
S372,2.53,7.5,0,medicine,Leadership,2,82227,46816,Canada,0,0,0,0,0,1
S373,2.64,8.0,0,arts,STEM,5,136564,6138,United Kingdom,0,1,0,0,0,0
S374,3.52,5.5,0,engineering,Sports,1,144883,37192,Canada,0,0,0,0,1,0
S375,2.61,5.5,0,business,Leadership,0,98344,27640,Germany,0,0,1,0,0,0
S376,2.98,5.5,1,engineering,Sports,0,52153,12409,United Kingdom,0,0,0,0,1,0
S377,3.77,5.5,0,medicine,Arts,5,113042,6017,Germany,0,0,0,0,0,1
S378,2.53,5.5,1,engineering,Professional,3,59110,12451,United Kingdom,0,0,0,0,1,0
S379,3.72,6.0,0,computer science,Leadership,2,33328,30327,Australia,1,0,0,1,0,0
S380,2.92,8.0,0,business,Leadership,2,117911,12278,Canada,0,0,1,0,0,0
S381,2.68,7.5,0,engineering,Arts,0,17867,26944,United States,0,0,0,0,1,0
S382,3.55,6.5,0,medicine,STEM,4,64234,45764,United Kingdom,1,0,0,0,0,1
S383,3.44,6.5,1,medicine,Professional,1,30851,59494,United Kingdom,1,0,0,0,0,1
S384,3.82,8.0,0,engineering,Leadership,4,36279,3134,Germany,1,0,0,0,1,0
S385,3.6,8.0,1,medicine,Professional,4,78402,32131,Australia,1,0,0,0,0,1
S386,3.71,6.5,0,arts,Leadership,5,20449,56318,Germany,1,1,0,0,0,0
S387,2.92,6.5,1,arts,Professional,0,81221,39887,Germany,0,1,0,0,0,0
S388,2.77,6.0,0,arts,Sports,0,94080,40462,Australia,0,1,0,0,0,0
S389,3.63,7.0,1,computer science,Leadership,0,10451,24520,United States,1,0,0,1,0,0
S390,3.71,7.5,1,engineering,Professional,5,92178,23869,Germany,1,0,0,0,1,0
S391,3.99,5.5,0,computer science,STEM,3,68761,38932,Germany,0,0,0,1,0,0
S392,3.12,7.0,0,medicine,Sports,4,43870,53498,United Kingdom,1,0,0,0,0,1
S393,3.06,8.0,1,computer science,Sports,5,101566,7039,Australia,0,0,0,1,0,0
S394,3.66,6.5,1,medicine,STEM,2,128749,23281,Canada,1,0,0,0,0,1
S395,3.01,7.0,0,medicine,Professional,1,128765,49399,United States,1,0,0,0,0,1
S396,3.9,7.5,1,business,Arts,3,129881,12442,United States,1,0,1,0,0,0
S397,3.79,8.0,1,arts,STEM,2,133389,10252,Australia,1,1,0,0,0,0
S398,3.14,5.5,1,medicine,Professional,4,30372,56193,United Kingdom,0,0,0,0,0,1
S399,3.63,5.5,1,business,STEM,0,8642,29586,United Kingdom,0,0,1,0,0,0
S400,3.63,7.5,1,arts,STEM,4,39064,55053,Australia,1,1,0,0,0,0
S401,2.65,7.5,0,medicine,Leadership,5,19122,52489,United Kingdom,0,0,0,0,0,1
S402,3.85,6.5,0,medicine,Professional,1,73431,19568,United States,1,0,0,0,0,1
S403,3.26,5.5,0,computer science,Arts,5,60745,22810,United States,0,0,0,1,0,0
S404,3.74,8.0,1,computer science,Leadership,3,55081,3551,Canada,1,0,0,1,0,0
S405,2.98,7.0,1,arts,STEM,3,144783,14625,Australia,0,1,0,0,0,0
S406,3.84,8.0,0,medicine,STEM,1,144271,36397,Germany,1,0,0,0,0,1
S407,3.08,6.0,1,engineering,STEM,2,81253,52678,Germany,1,0,0,0,1,0
S408,2.52,6.0,1,computer science,Professional,2,41191,28249,Canada,0,0,0,1,0,0
S409,3.86,7.5,0,arts,Professional,3,15211,3361,Canada,1,1,0,0,0,0
S410,2.64,6.5,0,medicine,Leadership,3,116086,28149,United Kingdom,0,0,0,0,0,1
S411,2.98,6.0,0,medicine,Arts,0,106971,6370,Canada,0,0,0,0,0,1
S412,3.93,5.5,0,engineering,Leadership,2,98783,7283,Canada,0,0,0,0,1,0
S413,3.93,8.0,0,arts,Sports,1,130681,9610,Germany,1,1,0,0,0,0
S414,3.36,8.0,0,medicine,STEM,2,92893,45326,United Kingdom,1,0,0,0,0,1
S415,3.45,7.5,0,computer science,STEM,0,82960,16924,Canada,0,0,0,1,0,0
S416,3.17,7.0,0,engineering,STEM,5,89388,49607,Canada,1,0,0,0,1,0
S417,2.94,7.5,0,arts,Leadership,3,27601,46717,United Kingdom,0,1,0,0,0,0
S418,2.99,7.0,0,engineering,Leadership,3,144227,12626,Australia,0,0,0,0,1,0
S419,3.51,7.5,1,computer science,STEM,0,24710,36761,United Kingdom,1,0,0,1,0,0
S420,3.63,7.5,0,arts,Leadership,1,113714,2869,Germany,0,1,0,0,0,0
S421,3.69,7.5,1,engineering,Professional,3,133727,33552,Australia,1,0,0,0,1,0
S422,3.68,7.0,1,business,Professional,4,68227,3014,United States,1,0,1,0,0,0
S423,2.64,7.0,0,computer science,Leadership,3,141039,12103,United Kingdom,0,0,0,1,0,0
S424,3.24,7.5,0,computer science,STEM,4,89289,18986,Germany,0,0,0,1,0,0
S425,2.59,6.0,0,computer science,Leadership,0,10722,46781,Australia,0,0,0,1,0,0
S426,3.32,6.5,0,business,Leadership,0,86050,32471,United Kingdom,1,0,1,0,0,0
S427,3.16,6.5,0,business,Leadership,3,88596,35458,Canada,1,0,1,0,0,0
S428,3.83,6.5,0,medicine,Sports,2,71732,27069,United Kingdom,1,0,0,0,0,1
S429,3.03,7.0,0,engineering,Professional,4,148369,18873,United States,0,0,0,0,1,0
S430,2.68,7.0,0,medicine,Arts,1,73323,25248,United Kingdom,0,0,0,0,0,1
S431,2.71,6.0,0,engineering,Arts,3,28816,25624,Australia,0,0,0,0,1,0
S432,3.64,6.5,0,business,Sports,1,45695,45516,Australia,1,0,1,0,0,0
S433,3.43,6.5,0,business,Leadership,3,60841,31061,United Kingdom,1,0,1,0,0,0
S434,2.65,7.5,0,medicine,Sports,2,133498,26170,Australia,0,0,0,0,0,1
S435,2.63,7.0,0,arts,Sports,2,112096,10024,Canada,0,1,0,0,0,0
S436,3.55,6.5,1,medicine,STEM,2,97764,18678,United Kingdom,1,0,0,0,0,1
S437,2.61,8.0,0,engineering,Professional,5,90744,40256,Canada,0,0,0,0,1,0
S438,3.73,6.0,0,medicine,Arts,2,33482,22411,Canada,0,0,0,0,0,1
S439,3.56,8.0,0,computer science,Leadership,0,14171,45803,Germany,1,0,0,1,0,0
S440,2.62,8.0,0,engineering,Arts,0,105755,21296,United Kingdom,0,0,0,0,1,0
S441,2.63,6.0,1,engineering,Arts,5,113125,28293,Australia,0,0,0,0,1,0
S442,3.98,8.0,1,arts,Professional,4,135722,29172,Canada,1,1,0,0,0,0
S443,3.06,6.5,0,business,Arts,1,111082,23128,Germany,0,0,1,0,0,0
S444,3.06,7.0,1,engineering,Arts,3,8696,20257,United Kingdom,0,0,0,0,1,0
S445,3.72,6.0,1,business,Sports,3,131310,14855,United Kingdom,1,0,1,0,0,0
S446,3.92,7.5,1,medicine,Professional,5,24149,21642,United States,1,0,0,0,0,1
S447,3.98,8.0,1,computer science,STEM,0,135064,37585,United States,1,0,0,1,0,0
S448,3.63,6.0,1,arts,Leadership,3,58521,59788,Canada,1,1,0,0,0,0
S449,3.06,5.5,0,business,Arts,0,50740,22025,United States,0,0,1,0,0,0
S450,2.63,5.5,0,engineering,Leadership,4,111611,6458,Canada,0,0,0,0,1,0
S451,3.67,7.0,0,business,STEM,1,141028,7307,Australia,0,0,1,0,0,0
S452,3.34,6.5,0,engineering,Leadership,4,71641,43701,Canada,1,0,0,0,1,0
S453,3.14,7.0,0,business,STEM,5,68811,20425,United States,0,0,1,0,0,0
S454,3.86,7.0,0,engineering,Sports,2,68232,51831,Australia,1,0,0,0,1,0
S455,2.67,7.0,0,medicine,Arts,2,20417,45427,United States,0,0,0,0,0,1
S456,3.24,7.0,1,engineering,STEM,2,117492,30273,Canada,1,0,0,0,1,0
S457,2.52,7.5,1,engineering,Leadership,4,35099,40506,Germany,0,0,0,0,1,0
S458,3.2,7.5,0,computer science,Arts,3,148674,7668,United Kingdom,0,0,0,1,0,0
S459,2.58,6.0,0,engineering,Sports,1,123474,27934,United States,0,0,0,0,1,0
S460,2.68,5.5,1,computer science,Arts,2,14256,49195,Canada,0,0,0,1,0,0
S461,2.68,7.0,0,arts,STEM,5,39681,9697,Australia,0,1,0,0,0,0
S462,3.47,6.0,1,computer science,Sports,5,96328,26417,United States,1,0,0,1,0,0
S463,3.62,5.5,0,medicine,Leadership,2,48361,18446,United States,0,0,0,0,0,1
S464,3.38,8.0,0,computer science,Sports,2,39540,42597,United Kingdom,1,0,0,1,0,0
S465,3.94,6.5,1,arts,Sports,1,89700,12751,Canada,1,1,0,0,0,0
S466,3.06,7.5,0,medicine,Professional,2,83532,48218,Germany,1,0,0,0,0,1
S467,2.93,8.0,0,business,Sports,1,132626,9352,Australia,0,0,1,0,0,0
S468,3.8,5.5,1,business,Sports,5,138943,15516,Canada,0,0,1,0,0,0
S469,2.84,8.0,0,computer science,Arts,2,51002,25299,Australia,0,0,0,1,0,0
S470,3.94,6.5,0,computer science,Leadership,4,54812,33957,United States,1,0,0,1,0,0
S471,2.52,5.5,1,arts,Arts,4,113946,30927,United Kingdom,0,1,0,0,0,0
S472,3.95,8.0,0,arts,Arts,5,71668,43094,United Kingdom,1,1,0,0,0,0
S473,2.56,7.5,1,engineering,STEM,1,104003,38412,Germany,0,0,0,0,1,0
S474,3.84,7.5,0,arts,Arts,4,47998,56122,United Kingdom,1,1,0,0,0,0
S475,3.29,6.0,0,engineering,Professional,1,109601,31493,United States,1,0,0,0,1,0
S476,3.99,8.0,0,medicine,Professional,4,12812,28711,Germany,1,0,0,0,0,1
S477,2.61,7.0,0,computer science,STEM,4,66844,10003,Canada,0,0,0,1,0,0
S478,3.33,8.0,1,medicine,Leadership,1,138251,33707,United Kingdom,1,0,0,0,0,1
S479,3.95,5.5,1,arts,Leadership,3,79601,5278,Germany,0,1,0,0,0,0
S480,3.28,5.5,0,medicine,Arts,4,144347,9296,United States,0,0,0,0,0,1
S481,3.44,8.0,1,medicine,Arts,2,52857,27398,Australia,1,0,0,0,0,1
S482,3.54,6.5,0,medicine,Arts,5,130555,37842,Australia,1,0,0,0,0,1
S483,3.18,7.5,0,arts,Leadership,3,25700,15261,United States,0,1,0,0,0,0
S484,3.44,5.5,0,medicine,Sports,1,98330,13173,United States,0,0,0,0,0,1
S485,3.38,7.5,0,engineering,Professional,3,149941,32449,Australia,1,0,0,0,1,0
S486,3.85,5.5,0,arts,Sports,0,68353,43080,Germany,0,1,0,0,0,0
S487,2.57,6.0,1,medicine,Sports,0,105772,58704,Australia,0,0,0,0,0,1
S488,2.92,7.0,0,arts,Leadership,4,96502,3637,United States,0,1,0,0,0,0
S489,3.93,5.5,0,business,Sports,4,118943,33781,United Kingdom,0,0,1,0,0,0
S490,3.84,7.5,0,engineering,STEM,2,114850,15652,Canada,1,0,0,0,1,0
S491,3.18,6.0,0,medicine,Arts,5,50095,7103,United Kingdom,0,0,0,0,0,1
S492,3.43,5.5,1,business,STEM,3,20523,27500,United Kingdom,0,0,1,0,0,0
S493,2.92,6.5,0,business,Professional,0,67433,51796,United States,0,0,1,0,0,0
S494,2.78,7.0,0,arts,Arts,4,24991,36800,Australia,0,1,0,0,0,0
S495,3.2,5.5,0,business,Sports,5,15775,37529,Germany,0,0,1,0,0,0
S496,3.03,6.0,0,engineering,Professional,3,89995,49963,United Kingdom,1,0,0,0,1,0
S497,3.38,6.5,0,engineering,Arts,4,127808,20452,Australia,0,0,0,0,1,0
S498,2.62,8.0,0,computer science,Sports,4,142686,51393,Germany,0,0,0,1,0,0
S499,3.96,6.0,1,engineering,STEM,0,12415,33174,United Kingdom,1,0,0,0,1,0
S500,3.98,6.0,1,business,Arts,0,42044,37436,Germany,1,0,1,0,0,0
